<?xml version="1.0" encoding="UTF-8" standalone="yes"?>
    <addon id="repository.shortname" name="Display Name of Your Repository" version="1.0.0" provider-name="RepoAuthor">
        <requires>
            <import addon="xbmc.addon" version="12.0.0"/>
        </requires>
        <extension point="xbmc.addon.repository" name="Display Name of Your Repository">
            <info compressed="false">https://raw.githubusercontent.com/muaddibttv/tantrumrepo/master/_zips/addons.xml</info>
            <checksum>https://raw.githubusercontent.com/muaddibttv/tantrumrepo/master/_zips/addons.xml.md5</checksum>
            <datadir zip="true">https://raw.githubusercontent.com/muaddibttv/tantrumrepo/master/_zips/</datadir>
            <hashes>false</hashes>
        </extension>
        <extension point="xbmc.addon.metadata">
            <summary>Official Name of Repository</summary>
            <description>Description of your Repository</description>
            <platform>all</platform>
            <genre>movies,usa</genre>
        </extension>
    </addon>